app_name,developer_info,website_info,app_status,start_date,end_date,app_description,indication_codes,indication_names,price,property_values,price_averaged,indication_names_translated,app_description_translated
CANKADO PRO-React Onco,"CANKADO GmbH, Deutschland",partners.cankado.com/about/,vorläufig aufgenommen,03.05.2021,02.05.2023,"PRO-React Onco ist eine Web- und App-basierte digitale Gesundheitsanwendung zur Unterstützung von Brustkrebspatientinnen und -patienten. Mit PRO-React Onco können Patientinnen und Patienten Ihre Beschwerden eigenständig erfassen. In Abhängigkeit zur Erkrankung und der laufenden Therapie werden automatisiert Verhaltenshinweise gegeben, wie dringend die jeweilige Beschwerde mit dem behandelnden Arzt oder der behandelnden Ärztin besprochen werden muss.",C50,Bösartige Neubildung der Brustdrüse Mamma,399.84,"Keine Zusatzgeräte, Vertragsärztliche Leistungen erforderlich, Verfügbare Sprachen: Deutsch und 13 weitere",399.84,Malignant neuformation of the mamma breast,"PRO-React Onco is a web- and app-based digital health application to support breast cancer patients. With PRO-React Onco, patients can independently record their symptoms. Depending on the illness and the ongoing therapy, automated behavioral instructions are given on how urgently the respective complaint needs to be discussed with the treating physician or the treating physician."
Cara Care für Reizdarm,"HiDoc Technologies GmbH, Deutschland",cara.care/de/about/,vorläufig aufgenommen,26.12.2021,25.11.2023,"Cara Care für Reizdarm ist eine digitale Gesundheitsanwendung zur Therapie des Reizdarmsyndroms. Die Anwendung dient primär zur Symptomreduktion funktioneller gastrointestinaler Beschwerden. Sekundär sollen krankheitsbezogene Lebensqualität und Gesundheitskompetenz gesteigert, Ängstlichkeit und Depressivität gelindert sowie krankheitsbezogene Arbeits- und Aktivitätseinschränkungen verbessert werden.-Diese Wirkungen werden über ein multimodales Selbsthilfekonzept innerhalb der Anwendung erzielt:Personalisierte Inhalte basierend auf leitlinienkonformen Therapieverfahren aus den Bereichen Ernährung (low-FODMAP-Diät) und Psychotherapie (kognitive Verhaltenstherapie sowie Darm-gerichtete Hypnotherapie) bewirken Änderungen von Lebensstil, Kognitionen, Emotionen und Verhalten, die sich positiv auf die bekannten Pathomechanismen des Reizdarmsyndroms auswirken.Im Rahmen einer Mindestnutzungsdauer von 12 Wochen erarbeiten sich die Nutzenden personalisierte Inhalte in Eigenregie. Dies wird durch multimediale und interaktive Inhalte unterstützt. So erhalten die Nutzenden über das Tracking von Symptomen und Lebensstilfaktoren sowie durch die erneute Abfrage von Symptom- und Lebensqualitätsscores Feedback zum Behandlungsfortschritt, erfahren pädagogische Unterstützung durch regelmäßige Abfrage psychoedukativen Wissens oder setzen sich persönliche Ziele innerhalb der Anwendung.-Cara Care für Reizdarm dient zur alleinstehenden Therapie des Reizdarmsyndroms.","K58, K58.1, K58.2, K58.3, K58.8","Reizdarmsyndrom, Reizdarmsyndrom, Diarrhoe-prädominant RDS-D, Reizdarmsyndrom, Obstipations-prädominant RDS-O, Reizdarmsyndrom mit wechselnden (gemischten) Stuhlgewohnheiten RDS-M, Sonstiges und nicht näher bezeichnetes Reizdarmsyndrom",718.20,"Keine Zusatzgeräte, Keine vertragsärztlichen Leistungen erforderlich, Verfügbare Sprachen: Deutsch",718.2,"Irritable bowel syndrome, Irritable bowel syndrome, Diarrhoea-predominant RDS-D, Irritable bowel syndrome, Obstipation-predominant RDS-O, Irritable bowel syndrome with changing (mixed) stool habits RDS-M, Other and unspecified Irritable bowel syndrome","Cara Care for Irritable Intestinal is a digital health application for the treatment of Irritable Intestinal Syndrome. The application is primarily used to reduce symptoms of functional gastrointestinal symptoms. Secondary, disease-related quality of life and health competence are to be increased, anxiety and depressivity reduced, and disease-related work and activity restrictions are to be improved.-These effects are achieved through a multimodal self-help concept within the application:Personalized content based on low-FODMAP diet and psychotherapy (cognitive behavioural therapy and gut-oriented hypnotherapy) cause changes in lifestyle, cognitives, emotions and behaviour, which have a positive effect on the well-known pathomechanics of Irritable Intestinal Syndrome.As part of a minimum usage period of 12 weeks, users develop personalized content in self-direction. This is supported by multimedia and interactive content."
companion patella powered by medi - proved by Dt. Kniegesellschaft,"PrehApp GmbH, Deutschland",prehapp.de,vorläufig aufgenommen,04.10.2021,03.03.2023,"companion patella powered by medi - proved by Dt. Kniegesellschaft ist eine Digitale Gesundheitsanwendung für Patientinnen und Patienten mit Vorderem Knieschmerz im Alter von 14- 65 Jahren. Basierend auf persönlichen Angaben des Anwenders zu Schmerz- und Belastungsempfinden, wird der bewegungstherapeutische Trainingsplan im Verlauf der Therapie kontinuierlich an die individuellen Bedürfnisse des Nutzers angepasst. Den Patienten steht neben dem Trainingsbereich eine Fachbibliothek mit Beiträgen zu ihrem Erkrankungsbild zur Verfügung, die diese edukativ unterstützt. Daten zu Schmerz und Funktionseinschränkungen werden innerhalb der Anwendung regelmäßig erfasst und für die Patienten und deren behandelnde Ärzte graphisch aufbereitet. Die Therapie wurde in Zusammenarbeit mit den Fachspezialisten des Komitees Patellofemoral der Deutschen Kniegesellschaft entwickelt und validiert. Die Anwendungsdauer beträgt 90 Tage.","M22.2, M22.4, M76.5, M79.66, S83.0","Krankheiten im Patellofemoralbereich, Chondromalacia patellae, Tendinitis der Patellarsehne, Schmerzen in den Extremitäten: Unterschenkel Fibula, Tibia, Kniegelenk, Luxation der Patella",345.10,"Keine Zusatzgeräte, Vertragsärztliche Leistungen erforderlich, Verfügbare Sprachen: Deutsch",345.1,"Patellofemoral diseases, chondromalacia patellae, patella tendon tendinitis, pain in extremities: lower leg fibula, tibia, knee joint, luxation of patella","companion patella powered by medi - proven by Dt. Kniegesellschaft is a digital health application for patients with fore knee pain aged 14- 65 years. Based on the user's personal information on pain and stress perception, the movement therapeutic training plan is continuously adapted to the individual needs of the user during the course of the therapy. In addition to the training area, the patients have a specialist library with contributions to their picture of illness, which supports them. Data on pain and functional limitations are regularly recorded within the application and graphically prepared for the patients and their treating physicians. The therapy was developed and validated in cooperation with the specialists of the committee Patellofemoral of the Deutsche Kniegesellschaft. The duration of application is 90 days."
deprexis,"GAIA AG, Deutschland",gaia-group.com/de/,Dauerhaft aufgenommen,,,"deprexis ist ein interaktives onlinebasiertes Selbsthilfeprogramm zur Therapieunterstützung von Patienten mit Depressionen und depressiven Verstimmungen, die mindestens 18 Jahre alt sind. Das Programm soll in Ergänzung zu einer sonst üblichen Behandlung (zum Beispiel beim Haus-, Facharzt oder Psychotherapeuten) eingesetzt werden. deprexis basiert auf etablierten psychotherapeutischen Ansätzen und Verfahren insbesondere der kognitiven Verhaltenstherapie (KVT). Die Wirksamkeit von deprexis wurde in mehreren klinischen Studien untersucht. In diesen Studien zeigte sich, dass Patienten, die zusätzlich zu einer üblichen medizinischen Versorgung deprexis nutzten, deutlich weniger depressive Beschwerden hatten als Patienten, die nur eine übliche medizinische Versorgung erhielten. Die Verordnungsdauer von deprexis beträgt 90 Tage.","F32.0, F32.1, F32.2, F33.0, F33.1, F33.2","Leichte depressive Episode, Mittelgradige depressive Episode, Schwere depressive Episode ohne psychotische Symptome, Rezidivierende depressive Störung, gegenwärtig leichte Episode, Rezidivierende depressive Störung, gegenwärtig mittelgradige Episode, Rezidivierende depressive Störung, gegenwärtig schwere Episode ohne psychotische Symptome",210.00,"Keine Zusatzgeräte, Keine vertragsärztlichen Leistungen erforderlich, Verfügbare Sprachen: Deutsch und 8 weitere",210.0,"Mild depressive episode, moderate depressive episode, severe depressive episode without psychotic symptoms, recurrent depressive disorder, currently mild episode, recurrent depressive disorder, currently moderate episode, recurrent depressive disorder, currently severe episode without psychotic symptoms","deprexis is an interactive online self-help program to support patients with depression and depressive moods who are at least 18 years old. The program is to be used in addition to a usual treatment (e.g. in the home, specialist or psychotherapist). deprexis is based on established psychotherapeutic approaches and procedures in particular cognitive behavioral therapy (KVT). The effectiveness of deprexis has been studied in several clinical studies. In these studies, it was shown that patients who used deprexis in addition to normal medical care had significantly less depressive symptoms than patients who received only standard medical care. The prescription duration of deprexis is 90 days."
edupression.com®,"SOFY GmbH, Österreich",edupression.com/,vorläufig aufgenommen,26.12.2022,25.08.2023,"Die DiGA edupression.com® besteht aus dem Medizinprodukte System, edupression.com® System, mit den Medizinprodukten edupression.com® Psychoedukation und edupression.com® Stimmungsdiagramm. Das System ist eine webbasierte Software, die plattformunabhängig mittels gängiger Browser mit Internetverbindung ab- und aufgerufen werden kann (Software-as-a-Service).Die Anwendung leitet Patientinnen und Patienten entlang des “Activity Feeds” durch das Programm und spielt täglich multimedial aufbereitete Informationen und Übungen aus der Psychodedukation zur Selbsthilfe aus. Außerdem enthält sie Elemente der computerbasierten kognitiven Verhaltenstherapie. Wöchentlich können von Patientinnen und Patienten sogenannte Wochenziele bestimmt werden, für die im Laufe der Woche vertiefende Informationen und Empfehlungen für Patientinnen und Patienten angezeigt werden. Patientinnen und Patienten werden täglich erinnert, das Stimmungsdiagramm in Form einer kurzen Umfrage mit Ja/Nein Fragen, auszufüllen und so ihre Stimmung aufzuzeichnen. Berichte geben den Verlauf der Eingaben über die Zeit wieder, so wird Patienten das Stimmungsdiagramm visualisiert oder Ergebnisse aus dem PHQ-9 Fragebogen. Die Berichte können interaktiv angezeigt werden oder sind als portables Datenformat verfügbar. Durch spielerische Elemente werden die Patientinnen und Patienten ermuntert und “belohnt”, der Gesundheitsanwendung weiter zu folgen (Aktivitätspunkte, Abzeichen, Zeugnisse, Summe der Zeit im Programm usw. als Gamification). Eddy, der Therapie-Avatar, begleitet optisch in der Anwendung die Patientinnen und Patienten auf ihrem Weg. In Videos lernen Patientinnen und Patienten Alice kennen, die an einer Depression leidet und durchleben mit ihr den Weg zur Genesung. Zu jedem Kapitel gibt es Booklets im portablen Datenformat (pdf) zum Download zum Nachlesen.","F32.0, F32.1, F33.0, F33.1","Leichte depressive Episode, Mittelgradige depressive Episode, Rezidivierende depressive Störung, gegenwärtig leichte Episode, Rezidivierende depressive Störung, gegenwärtig mittelgradige Episode",178.50 - 357.00,"Keine Zusatzgeräte, Keine vertragsärztlichen Leistungen erforderlich, Verfügbare Sprachen: Deutsch und 1 weitere",267.75,"Mild depressive episode, intermediate depressive episode, recurrent depressive disorder, currently mild episode, recurrent depressive disorder, currently moderate episode","The DipdfGA edupression.com® consists of the Medical Device System, edupression.com® System, with the Medical Devices edupression.com® Psychoedukation and edupression.com® Mood Chart. The system is a web-based software that can be downloaded and accessed platform-independently by means of a common browser with Internet connection (software-as-a-service).The application guides patients along the "
elevida,"GAIA AG, Deutschland",gaia-group.com/de/,Dauerhaft aufgenommen,,,"elevida ist eine digitale Gesundheitsanwendung für Menschen mit einer Multiplen Sklerose, bei denen zusätzlich eine Fatigue vorliegt und die mindestens 18 Jahre alt sind. Von einer Fatigue spricht man dann, wenn eine anhaltende Müdigkeit oder Erschöpfung besteht.elevida verfolgt das Ziel, die Fatigue zu reduzieren. Das Programm soll in Ergänzung zu einer sonst üblichen Behandlung (zum Beispiel beim Haus- oder Facharzt) eingesetzt werden.elevida basiert auf etablierten psychotherapeutischen Ansätzen und Verfahren insbesondere der kognitiven Verhaltenstherapie (KVT).elevida ist zur Eigenanwendung durch den Patienten für 180 Tage bestimmt. Die Wirksamkeit von elevida wurde in einer klinischen Studie untersucht und in einer wissenschaftlichen Fachzeitschrift veröffentlicht. An dieser Studie nahmen 275 Patienten teil, die an einer Multiplen Sklerose und zusätzlich auch an einer Fatigue litten. In dieser Studie zeigte sich, dass bei Patienten, die zusätzlich zu einer sonst üblichen Behandlung elevida nutzten, die Fatigue deutlich stärker abgenommen hatte als bei Patienten, die nur eine sonst übliche Behandlung erhielten. Die Verordnungsdauer von elevida beträgt 90 Tage. Zur Stabilisierung der Effekte ist eine Nutzung für 180 Tage empfohlen.",G35,Multiple Sklerose Encephalomyelitis disseminata,243.00,"Keine Zusatzgeräte, Keine vertragsärztlichen Leistungen erforderlich, Verfügbare Sprachen: Deutsch und 1 weitere",243.0,Multiple sclerosis Encephalomyelitis disseminate,"elevida is a digital health application for people with multiple sclerosis who have an additional fatigue and who are at least 18 years old. Fatigue is a term used when there is persistent fatigue or fatigue. elevida aims to reduce fatigue. The program is intended to be used in addition to a usual treatment (e.g. in the home or specialist). elevida is based on established psychotherapeutic approaches and procedures, especially cognitive behavioral therapy (KVT). elevida is intended for self-administration by the patient for 180 days. elevida's efficacy was studied in a clinical study and published in a scientific journal. In this study, 275 patients who were suffering from multiple sclerosis and in addition to a fatigue. This study showed that in patients who used elevida in addition to a usual treatment, Fatigue had decreased significantly more than in patients who received only usual treatment. elevida's prescription duration is 90 days. In order to stabilise the effects, it is recommended to use 180 days."
elona therapy Depression,"Elona Health GmbH, Deutschland",www.elona.health,vorläufig aufgenommen,26.12.2022,25.12.2023,"elona therapy Depression ist die digitale Gesundheitsanwendung für eine verzahnte ambulante Psychotherapie, die digitale Interventionen und die reguläre Gesprächstherapie intelligent verbindet und so die Behandlung der unipolaren Depression unterstützt. Patientinnen und Patienten stehen mit elona therapy Interventionen, hilfreiche Aktivitäten, Übungen und psychoedukative Inhalte auch über die Therapiesitzung hinaus zur Verfügung, sodass Patientinnen und Patienten zwischen den Therapiesitzungen einen einfachen Zugang zu zugeschnittenen psychotherapeutischen Ressourcen haben.-elona therapy Depression ermittelt auf Basis des Therapiefortschrittes der Patientinnen und Patienten einen wöchentlichen Therapieplan. Anhand von psychometrischen Fragebögen und Übungen sowie deren Auswertung werden die Inhalte auf die Bedürfnisse der Betroffenen individualisiert. Zusätzlich können Leistungserbringende das Erlebnis in elona therapy weiter auf den Therapiefortschritt ihrer Patientinnen und Patienten anpassen und zusätzliche Ressourcen freischalten, um eine bestmögliche Verzahnung, aber auch die Sicherheit ihrer Patientinnen und Patienten zu gewährleisten. Übungen können gezielt der Wiederholung von Inhalten, der Vertiefung des Wissens oder der Umsetzung von konkreten Aufgaben im Alltag dienen. Durch die Verzahnung kann die Psychotherapie intensiviert und die Übertragung der Therapieinhalte in den Alltag gesteigert werden, um so Fortschritte in der Behandlung der Depression über die Regelversorgung hinaus zu erzielen.-Versorgungspfad: Therapiebegleitung","F32.0, F32.1, F32.2, F33.0, F33.1, F33.2, F34.1","Leichte depressive Episode, Mittelgradige depressive Episode, Schwere depressive Episode ohne psychotische Symptome, Rezidivierende depressive Störung, gegenwärtig leichte Episode, Rezidivierende depressive Störung, gegenwärtig mittelgradige Episode, Rezidivierende depressive Störung, gegenwärtig schwere Episode ohne psychotische Symptome, Dysthymia",535.49,"Keine Zusatzgeräte, Vertragsärztliche Leistungen erforderlich, Verfügbare Sprachen: Deutsch",535.49,"Mild depressive episode, moderate depressive episode, severe depressive episode without psychotic symptoms, recurrent depressive disorder, currently mild episode, recurrent depressive disorder, currently moderate episode, recurrent depressive disorder, currently severe episode without psychotic symptoms, dysthymia","elona therapy Depression is the digital health application for intertwined outpatient psychotherapy, which intelligently combines digital interventions and regular conversational therapy, thus supporting the treatment of unipolar depression. Patients are provided with elona therapy interventions, helpful activities, exercises and psycho-educative content even beyond the therapy session, so that patients and patients between the therapy sessions have easy access to tailored psychotherapeutic resources.-elona therapy Depression determines a weekly therapy plan based on the patient's progress in therapy. Based on psychometric questionnaires and exercises and their evaluation, the content is individualised to the needs of the patients concerned. In addition, service providers can further adapt the experience in elona therapy to the progress of their patients' therapy and unlock additional resources in order to ensure the best possible intertwining, but also to ensure the safety of their patients. Exercises can specifically serve the repetition of content, the deepening of knowledge or the implementation of concrete tasks in everyday life. Through intertwining, psychotherapy can be intensified and the transmission of the therapy content increased in everyday life, thus achieving progress in the management of the treatment."
Endo-App,"Endo Health GmbH, Deutschland",diga.endometriose.app,vorläufig aufgenommen,09.10.2022,08.10.2023,"Die Endo-App ist ein digitales Medizinprodukt zur multimodalen Unterstützung von Endometriose-Betroffenen. Ziel des Programms ist es, die Nutzerinnen dabei zu unterstützen, im Rahmen des Selbstmanagements ihre Lebensqualität zu verbessern. Das Selbstmanagementkonzept beruht grundlegend auf einem Symptomtagebuch, in dem Nutzerinnen ihre Symptome, Aktivitäten, Übungen und ihre Behandlungen dokumentieren können, sowie auf multimodalen Inhalten. Als Teil der multimodalen Therapie werden wissensvermittelnde Elemente, validierte Fragebögen, geführte Übungen und Techniken aus dem Bereich Gynäkologie, Physiotherapie, Psychologie, Schmerztherapie, Rehabilitation, Sozialpädagogik, Ernährung, Ressourcenaktivierung sowie Resilienzstärkung zur Verfügung gestellt.",N80,Endometriose,598.95,"Keine Zusatzgeräte, Keine vertragsärztlichen Leistungen erforderlich, Verfügbare Sprachen: Deutsch",598.95,Endometriosis,"The Endo app is a digital medical device for the multimodal support of endometriosis sufferers. The aim of the program is to help the users improve their quality of life in the context of self-management. The self-management concept is fundamentally based on a symptom diary in which users can document their symptoms, activities, exercises and treatments, as well as on multimodal content. As part of the multimodal therapy, knowledge-mediating elements, validated questionnaires, guided exercises and techniques in the fields of gynecology, physiotherapy, psychology, pain therapy, rehabilitation, social pedagogy, nutrition, resource activation and resilience enhancement are provided."
HelloBetter Diabetes und Depression,"GET.ON Institut für Online Gesundheitstrainings GmbH, Deutschland",hellobetter.de/,Dauerhaft aufgenommen,,,"HelloBetter Diabetes und Depression ist ein interaktives psychologisches Therapieprogramm zur Reduktion der depressiven Symptomschwere bei Personen mit Diabetes Mellitus Typ 1 oder Typ 2. Anhand einer randomisiert kontrollierten Studie konnte gezeigt werden, dass mit der Teilnahme an diesem Online-Programm depressive Symptomatik wirksam reduziert werden kann. Der 12-wöchige Online-Kurs vermittelt neben fundierter Psychoedukation mittels Texten, Videos und Audios, wirksame Strategien aus der kognitiven Verhaltenstherapie (KVT), u.a. Verhaltensaktivierung und Problemlösetechniken. Darüber hinaus werden diabetesspezifische Themen wie die Gestaltung eines vertrauensvollen ärztlichen Gesprächs, Umgang und Auswirkungen von Diabetes auf die Partnerschaft, der Umgang mit Grübelgedanken rund um die Erkrankung thematisiert sowie diabetes-spezifische Themen wie z.B. Ernährung, Bewegung und gesunder Schlaf thematisiert. Alle Inhalte wurden dabei zielgruppenspezifisch für Betroffene mit Diabetes Mellitus Typ 1 oder Typ 2 angepasst.          Zusätzlich gibt es ein Online-Tagebuch, eine Begleit-App und wiederholte Symptom-Checks, um die eigenen Fortschritte festhalten, beobachten und auswerten zu können. Es wird in allen Angeboten großen Wert auf die Patientensicherheit gelegt. Daher steht Betroffenen jederzeit, insbesondere in Krisensituationen, ein persönlicher, geschulter Psychologe zur Seite. Zu jeder Einheit des Kurses erhalten Betroffene innerhalb von 24 Stunden eine schriftliche Rückmeldung des persönlichen Psychologen. Zusätzlich steht der persönliche Psychologe über eine Nachrichtenfunktion bei Fragen zur Anwendung zur Verfügung. HelloBetter Diabetes und Depression kann dabei zusätzlich zur Standardversorgung eingesetzt werden.","E10, E11","Diabetes mellitus, Typ 1, Diabetes mellitus, Typ 2",222.99,"Keine Zusatzgeräte, Keine vertragsärztlichen Leistungen erforderlich, Verfügbare Sprachen: Deutsch",222.99,"Diabetes mellitus, type 1, diabetes mellitus, type 2","HelloBetter Diabetes and Depression is an interactive psychological therapy program to reduce depressive symptoms in people with type 1 or type 2 diabetes Mellitus. A randomized controlled study has shown that depressive symptoms can be effectively reduced with participation in this online program. In addition to profound psychoeducation using texts, videos and audios, effective strategies from cognitive behavioral therapy (KVT), including behavior activation and problem solving techniques, the 12-week online course also provides information on diabetes-specific topics such as the design of a trustful medical consultation, handling and impact of diabetes on the partnership, the handling of globular thoughts around the disease, as well as diabetes-specific topics such as nutrition, movement and healthy sleep. All content has been specifically adapted for those with diabetes Mellitus type 1 or type 2 diabetes. In addition, there is an online diary, an accompanying app and repeated symptom checks to record, monitor and evaluate their progress, and be able to provide additional information on the use of each patient's treatment. For this reason, there is a high level of benefit to the patient."
HelloBetter Panik,"GET.ON Institut für Online Gesundheitstrainings GmbH, Deutschland",hellobetter.de/,Dauerhaft aufgenommen,,,"HelloBetter Panik ist ein interaktives psychologisches Therapieprogramm zur Behandlung und Reduzierung der Symptomschwere einer Panikstörung und Agoraphobie mit Panikstörung. Anhand einer randomisiert kontrollierten Studie konnte der Nachweis eines positiven Versorgungseffekts für Patientinnen und Patienten mit psychotherapeutischer Vorerfahrung erbracht werden. Der 12-wöchige Online-Kurs vermittelt fundierte Psychoedukation in Texten, Videos und Audios sowie wirksame Strategien aus der kognitiven Verhaltenstherapie (KVT). Dazu gehören unter anderem wiederholte Konfrontationen mit inneren und äußeren angstauslösenden Reizen, kognitive Umstrukturierung, Entspannungsübungen und eine Rückfallprophylaxe. Darüber hinaus gibt es ein Online-Tagebuch, eine Begleit-App und mehrfache Symptom-Checks, um die eigenen Fortschritte festhalten, beobachten und auswerten zu können. Es wird in allen Angeboten großen Wert auf die Patientensicherheit gelegt.","F40.01, F41.0","Agoraphobie: Mit Panikstörung, Panikstörung episodisch paroxysmale Angst",599.00,"Keine Zusatzgeräte, Keine vertragsärztlichen Leistungen erforderlich, Verfügbare Sprachen: Deutsch",599.0,"Agoraphobia: With panic disorder, panic disorder episodic paroxysmal anxiety","HelloBetter Panic is an interactive psychological therapy program to treat and reduce the symptoms of panic disorder and agoraphobia with panic disorder. A randomized controlled study has been used to demonstrate a positive supply effect for patients with psychotherapeutic prior experience. The 12-week online course provides profound psychoeducation in texts, videos and audios as well as effective strategies from cognitive behavioral therapy (KVT). These include repeated confrontations with internal and external anxiety-causing stimuli, cognitive restructuring, relaxation exercises and a relapse prophylaxis. In addition, there is an online diary, an accompanying app and multiple symptom checks to record, monitor and evaluate your progress. It is important for patient safety in all offers."
HelloBetter ratiopharm chronischer Schmerz,"GET.ON Institut für Online Gesundheitstrainings GmbH, Deutschland",www.hellobetter.de,vorläufig aufgenommen,18.12.2021,17.07.2023,"HelloBetter ratiopharm chronischer Schmerz ist ein interaktives psychologisches Online-Programm zur anhaltenden Reduktion der Schmerzbeeinträchtigung bei Menschen mit chronischen Schmerzen. Neben fundierter Psychoedukation mittels Texten, Videos und Audios, erlernen Betroffene wirksame Strategien derAkzeptanz- und Commitment-Therapie (ACT), die eine Weiterentwicklung der kognitiven Verhaltenstherapie (KVT) darstellt. Diese Strategien können durch praktische Übungen in den Alltag übertragen werden.","F45.40, F45.41, M54, M79.7, R52.1, R52.2","Anhaltende somatoforme Schmerzstörung, Chronische Schmerzstörung mit somatischen und psychischen Faktoren, Rückenschmerzen, Fibromyalgie, Chronischer unbeeinflussbarer Schmerz, Sonstiger chronischer Schmerz",599.00,"Keine Zusatzgeräte, Keine vertragsärztlichen Leistungen erforderlich, Verfügbare Sprachen: Deutsch",599.0,"Sustained somatoform pain disorder, Chronic pain disorder with somatic and psychological factors, Back pain, Fibromyalgia, Chronic uncontrollable pain, Other chronic pain","HelloBetter ratiopharm chronic pain is an interactive psychological online program for the continuous reduction of pain impairment in people with chronic pain. In addition to profound psychoeducation by means of texts, videos and audios, affected persons learn effective strategies of acceptance and commitment therapy (ACT), which represents a further development of cognitive behavioral therapy (KVT). These strategies can be transmitted into everyday life through practical exercises."
HelloBetter Schlafen,"GET.ON Institut für Online Gesundheitstrainings GmbH, Deutschland",hellobetter.de/,vorläufig aufgenommen,18.12.2022,17.12.2023,"HelloBetter Schlafen ist ein interaktives psychologisches Therapieprogramm zur Reduktion insomnischer Beschwerden. Das Online-Programm basiert auf der kognitiven Verhaltenstherapie für Insomnie (KVT-I) und wurde von Expertinnen und Experten aus der Wissenschaft, Psychologie und Psychotherapie sowie gemeinsam mit Betroffenen entwickelt. Neben fundierter Psychoedukation vermittelt das Online-Programm wirksame Strategien aus der kognitiven Verhaltenstherapie nach dem aktuellsten Stand wissenschaftlicher Erkenntnisse.Dazu gehören unter anderem Schlafhygiene, Bettzeitverkürzung, Stimuluskontrolle, kognitive Strategien, Entspannungsverfahren, eine Rückfallprophylaxe sowie ein fortlaufendes Online-Tagebuch.","F51.0, G47.0","Nichtorganische Insomnie, Ein- und Durchschlafstörungen",599.00,"Keine Zusatzgeräte, Keine vertragsärztlichen Leistungen erforderlich, Verfügbare Sprachen: Deutsch",599.0,"Non-organic insomnia, insomnia and sleep disorders","HelloBetter Schlafen is an interactive psychological therapy program for the reduction of insomnic ailments.The online program is based on cognitive behavioral therapy for insomnia (KVT-I) and was developed by experts from science, psychology and psychotherapy as well as with those affected.In addition to well-founded psychoeducation, the online program provides effective strategies from cognitive behavioral therapy according to the latest scientific findings.These include sleep hygiene, bedtime reduction, stimulant control, cognitive strategies, relaxation procedures, a relapse prevention as well as an ongoing online diary."
HelloBetter Stress und Burnout,"GET.ON Institut für Online Gesundheitstrainings GmbH, Deutschland",hellobetter.de/,Dauerhaft aufgenommen,,,"HelloBetter Stress und Burnout ist ein interaktives, psychologisches Therapieprogramm, das auf eine anhaltende Minderung der Stressbeanspruchung in Bezug auf Schwierigkeiten bei der Lebens- und Arbeitsbewältigung abzielt. Anhand einer randomisiert kontrollierten Studie konnte gezeigt werden, dass mit der Teilnahme an diesem Online-Programm die Stressbeanspruchung nachweislich reduziert wird sowie Verbesserungen in Bereichen der psychischen Gesundheit (Depression, Angst, Schlaf) und arbeitsbezogenen Gesundheit (emotionale Erschöpfung, Arbeitsengagement) erzielt werden. Der Online-Kurs besteht aus sieben wöchentlich zu absolvierenden Einheiten sowie einer vier Wochen nach Kursende angesetzten Auffrischungseinheit mit einer Bearbeitungsdauer von je 45-60 Minuten. Neben fundierter Psychoedukation mittels Texten, Videos und Audios, vermittelt das Online-Programm wirksame Strategien aus der kognitiven Verhaltenstherapie (KVT) nach dem aktuellsten Stand wissenschaftlicher Erkenntnisse. Dazu gehören unter anderem Problemlösetechniken, Verhaltensaktivierung sowie Emotionsregulationsstrategien. Zusätzlich gibt es ein Online-Tagebuch, eine Begleit-App und wiederholte Symptom-Checks, um die eigenen Fortschritte festhalten, beobachten und auswerten zu können. Es wird in allen Angeboten großen Wert auf die Patientensicherheit gelegt. Daher steht Betroffenen jederzeit, insbesondere in Krisensituationen, ein persönlicher, geschulter Psychologe zur Seite. Zu jeder Einheit des Kurses erhalten Betroffene innerhalb von 24 Stunden eine schriftliche Rückmeldung des persönlichen Psychologen. Zusätzlich steht der persönliche Psychologe über eine Nachrichtenfunktion bei Fragen zur Anwendung zur Verfügung.",Z73,Probleme mit Bezug auf Schwierigkeiten bei der Lebensbewältigung,235.00,"Keine Zusatzgeräte, Keine vertragsärztlichen Leistungen erforderlich, Verfügbare Sprachen: Deutsch",235.0,Problems related to difficulties in managing life,"HelloBetter Stress and Burnout is an interactive, psychological therapy program that aims to continuously reduce stress in relation to difficulties in life and work management. A randomized controlled study has shown that participation in this online program has proven to reduce stress stress, as well as improvements in mental health (depression, anxiety, sleep) and work-related health (emotional exhaustion, work engagement). The online course consists of seven weekly units to be completed as well as a refresher unit set up four weeks after the end of the course with a duration of 45-60 minutes each. In addition to sound psychoeducation using texts, videos and audios, the online program provides effective strategies from cognitive behavioral therapy (KVT) according to the most current scientific findings. These include, among others, problem solving techniques, behavior activation and emotion regulation strategies. In addition, there is an online diary, an accompanying app and repeated symptom checks to record progress, and evaluate situations of personal use. Therefore, there is a high level of interest in all patients."
HelloBetter Vaginismus Plus,"GET.ON Institut für Online Gesundheitstrainings GmbH, Deutschland",hellobetter.de/,Dauerhaft aufgenommen,,,HelloBetter Vaginismus Plus ist eine digitale Gesundheitsanwendung zur Verbesserung der vaginalen Penetrationsfähigkeit beim Geschlechtsverkehr. Betroffene erhalten wichtige Informationen zu ihren Symptomen und können mithilfe verschiedener Übungen Veränderungen im Denken und Handeln erproben sowie Erlerntes in den Alltag übertragen. Ein besonderer Schwerpunkt liegt dabei auf schrittweisen vaginalen Einführungsübungen und dem Aufbau von positiven sexuellen Erfahrungen. Zudem werden unter anderem belastende Gedanken und Gefühle hinterfragt und Entspannungs- sowie Beckenbodenübungen integriert.,"F52.5, F52.6","Nichtorganischer Vaginismus, Nichtorganische Dyspareunie",599.00,"Zusatzgeräte optional, Keine vertragsärztlichen Leistungen erforderlich, Verfügbare Sprachen: Deutsch",599.0,"Non-organic vaginism, Non-organic dyspareunia","HelloBetter Vaginismus Plus is a digital health application to improve vaginal penetration in sexual intercourse. Those affected receive important information about their symptoms and can use various exercises to test changes in thinking and acting and transfer what they have learned into everyday life. A special focus is on gradual vaginal introductory exercises and the development of positive sexual experiences. In addition, stressful thoughts and feelings are questioned and relaxation and pelvic floor exercises are integrated."
Invirto- Die Therapie gegen Angst,"Sympatient GmbH, Deutschland",www.invirto.de,Dauerhaft aufgenommen,,,"Invirto ermöglicht Menschen mit einer Agoraphobie, Panikstörung oder sozialen Phobie eine Behandlung ihrer Angststörung von zu Hause aus. Patientinnen und Patienten lernen von Therapeutinnen oder Ärzten begleitet mit einer App und einer Virtual-Reality-Brille unter anderem: Ihre Angst besser zu verstehen, mit hoher Anspannung umzugehen, Angstgedanken zu bewältigen und angstbesetzte Situationen wieder aufzusuchen. Die Begleitung durch Psychotherapeutinnen oder Ärzte sichert eine hochqualitative Versorgung und unterstützt die Nutzerinnen und Nutzer. Invirto ermöglicht es, die Symptome der Angststörung zu reduzieren, Vermeidungsverhalten zu verringern und wieder mehr Bewegungsfreiheit im Alltag zurückzugewinnen. Invirto basiert auf einer kognitiven Verhaltenstherapie mit Expositionstraining, die von Fachgesellschaften für die Behandlung von Angststörungen empfohlen wird.","F40.00, F40.01, F40.1, F41.0","Agoraphobie: Ohne Angabe einer Panikstörung, Agoraphobie: Mit Panikstörung, Soziale Phobien, Panikstörung episodisch paroxysmale Angst",620.00,"Zusatzgeräte enthalten, Vertragsärztliche Leistungen erforderlich, Verfügbare Sprachen: Deutsch",620.0,"Agoraphobia: Without indication of panic disorder, Agoraphobia: With panic disorder, Social phobias, panic disorder episodic paroxysmal anxiety","Invirto allows people with an agoraphobia, panic disorder or social phobia to treat their anxiety disorder from home. Patients learn from therapists and doctors accompanied by an app and a virtual reality glasses among other things: to understand their fear better, to deal with high tension, to cope with fear thoughts and to revisit fear-ridden situations. The accompaniment by psychotherapists ensures high-quality care and supports the users. Invirto allows to reduce the symptoms of anxiety disorder, to reduce avoidance behaviour and to regain more freedom of movement in everyday life. Invirto is based on cognitive behavioral therapy with exposure training, which is recommended by specialist societies for the treatment of anxiety disorders."
Kaia COPD: Meine aktive COPD Therapie,"kaia health software GmbH, Deutschland",kaiahealth.de/,vorläufig aufgenommen,26.12.2022,25.12.2023,"Kaia COPD ist eine gemeinsam mit Lungenfachärzten entwickelte digitale Anwendung für erwachsene Patientinnen und Patienten mit COPD. Sie vermittelt evidenzbasierte und leitlinienkonforme Inhalte der Pneumologischen Rehabilitation, um die körperliche Leistungsfähigkeit und die gesundheitsbezogene Lebensqualität zu verbessern. Kaia COPD setzt sich aus den Therapie-Elementen Bewegung, Patientenedukation sowie Entspannungs- und Atemtechniken zusammen. In der Anwendung können Patientinnen und Patienten ein individuelles Therapieprogramm durchlaufen und aktiv ihre Symptome lindern. Die Inhalte basieren auf den Empfehlungen der Nationalen VersorgungsLeitlinie COPD.-Kaia COPD ist eine nicht-medikamentöse Therapie und kann als Therapiebegleitung der medikamentösen Therapie eingesetzt werden. Dabei berücksichtigt Kaia COPD die individuellen Voraussetzungen der Patientin bzw. des Patienten wie die körperliche Leistungsfähigkeit und ermöglicht so eine fortlaufend an die Patientin bzw. den Patienten angepasste Therapie. Patientinnen und Patienten können Kaia COPD zeit- und ortsunabhängig nutzen.-Die Therapie mit Kaia COPD beruht auf den Erkenntnissen neuester Studien über die Entstehung und Behandlung der COPD. Die Wirksamkeit der Therapie konnte in mehreren bereits veröffentlichten klinischen Studien beobachtet und wissenschaftlich belegt werden.","J44.8, J44.9","Sonstige näher bezeichnete chronische obstruktive Lungenkrankheit, Chronische obstruktive Lungenkrankheit, nicht näher bezeichnet",415.00,"Keine Zusatzgeräte, Keine vertragsärztlichen Leistungen erforderlich, Verfügbare Sprachen: Deutsch und 1 weitere",415.0,"Other more detailed chronic obstructive lung disease, chronic obstructive lung disease, not specified","Kaia COPD is a digital application developed together with lung specialists for adult patients with COPD. It mediates evidence-based and guideline-compliant contents of pneumological rehabilitation to improve physical performance and health-related quality of life. Kaia COPD consists of the therapy elements movement, patient treatment as well as relaxation and breathing techniques. In the application, patients can go through an individual therapy program and actively alleviate their symptoms. The contents are based on the recommendations of the National Supply Guideline COPD.-Kaia COPD is a non-medical therapy and can be used as therapy support for medical therapy. Here, Kaia COPD takes into account the individual requirements of the patient, such as physical performance, thus enabling continuous therapy adapted to the patient. Patients and patients can use Kaia COPD time- and location-independently.-The therapy with Kaia COPD is based on the findings of the latest studies on the development and treatment of COPD. The effectiveness of the therapy has been observed in several published clinical studies and has been scientifically proven."
Kalmeda,"mynoise GmbH, Deutschland",www.kalmeda.de,Dauerhaft aufgenommen,,,"Diese DiGA bietet Patientinnen und Patienten (die das 18. Lebensjahr vollendet haben) mit chronischer Tinnitusbelastung eine leitlinienbasierte, verhaltenstherapeutische Therapie. Ergänzt wird das strukturierte Programm durch Entspannungsanleitungen, beruhigende Natur- und Hintergrundgeräusche sowie einen Wissensteil.  Das mehrmonatige verhaltenstherapeutische Programm besteht aus 5 Leveln mit jeweils 9 Etappen und zeigt Patienten schrittweise den Weg zu einem selbstbestimmten Umgang mit dem Tinnitus und zu einer Reduzierung der Tinnitusbelastung.",H93.1,Tinnitus aurium,189.00,"Keine Zusatzgeräte, Vertragsärztliche Leistungen erforderlich, Verfügbare Sprachen: Deutsch",189.0,Tinnitus aurium,"This DiGA offers patients (who have reached the age of 18) with chronic tinnitus exposure a guideline-based, behavioral therapeutic therapy. The structured program is supplemented by relaxation instructions, soothing natural and background noises as well as a knowledge part. The multi-month behavioral therapeutic program consists of 5 levels with 9 stages each and shows patients the way to a self-determined handling of the tinnitus and a reduction of the tinnitus load."
Kranus Edera,"Kranus Health GmbH, Deutschland",www.kranushealth.com,vorläufig aufgenommen,18.12.2021,17.04.2023,"Kranus Edera ist eine digitale Gesundheitsanwendung zur ganzheitlichen Behandlung von Erektionsstörungen und ihren Ursachen. Die alleinstehende Therapie unterstützt Männer mit erektiler Dysfunktion selbst aktiv an ihrer Behandlung teil zu haben und hilft Ärztinnen und Ärzten dabei die Empfehlungen der Leitlinien zur Behandlung von Erektionsstörungen umzusetzen und so die Therapieoptionen zu erweitern. Anwender der App absolvieren ein 12-Wochen Programm aus den Bausteinen Beckenbodentraining, physiotherapeutische Übungen, kardiovaskuläres Ausdauertraining sowie Achtsamkeits- und sexualtherapeutische Übungen. Patienten erhalten wöchentlich neue Übungen, die in ihrer Intensität und Komplexität fortlaufend angepasst werden. Ergänzt wird die Therapie durch Wissensvermittlung über die Erkrankung und hilfreiche Tipps, z.B. zur Ernährung und zu vorbeugenden Maßnahmen.",N48.4,Impotenz organischen Ursprungs,656.88,"Keine Zusatzgeräte, Keine vertragsärztlichen Leistungen erforderlich, Verfügbare Sprachen: Deutsch",656.88,Impotence of organic origin,"Kranus Edera is a digital health application for the holistic treatment of erectile dysfunction and its causes. The single therapy supports men with erectile dysfunction themselves to actively participate in their treatment and helps doctors implement the recommendations of the guidelines for the treatment of erectile dysfunction and thus expand the therapy options. Users of the app complete a 12-week program consisting of the modules pelvic floor training, physiotherapeutic exercises, cardiovascular endurance training as well as mindfulness and sexual therapeutic exercises. Patients receive new exercises weekly, which are continuously adapted in their intensity and complexity. The therapy is supplemented by knowledge about the disease and helpful tips, e.g. on nutrition and preventive measures."
Mawendo,"Mawendo GmbH, Deutschland",diga.mawendo.com/,vorläufig aufgenommen,09.08.2021,08.08.2023,"Mawendo stellt Trainingsprogramme mit Übungsvideos, Gesundheitsinformationen und Dokumentationsmöglichkeiten bereit. Das Trainingsprogramm wird initial durch Ärztinnen und Ärzte ausgewählt und in Bezug auf das Krankheitsbild, die spezifischen Übungen sowie die Trainingsphasen für die Patientin oder den Patienten individualisiert. Im Anschluss können Patientinnen und Patienten mit Hilfe der DiGA die Behandlung von Erkrankungen der Kniescheibe (Patella) durch Eigentraining selbstständig unterstützen.",M22,Krankheiten der Patella,119.00,"Keine Zusatzgeräte, Vertragsärztliche Leistungen erforderlich, Verfügbare Sprachen: Deutsch",119.0,Diseases of Patella,"Mawendo provides training programs with exercise videos, health information and documentation options. The training program is initially selected by doctors and doctors and individualized with regard to the disease picture, the specific exercises as well as the training phases for the patient. Subsequently, patients can support the treatment of diseases of the kneecap (Patella) independently with the help of the DiGA."
Meine Tinnitus App - Das digitale Tinnitus Counseling,"Sonormed GmbH, Deutschland",www.sonormed.com/de/,vorläufig aufgenommen,06.03.2022,05.03.2023,"Meine Tinnitus App - Das digitale Tinnitus Counseling wird für Tinnitus-Patientinnen und Tinnitus-Patienten zur Erstversorgung eingesetzt. Die aktuell gültige S3 Leitlinie empfiehlt das Tinnitus Counseling als anerkannten Behandlungsweg: Durch die Anwendung konkreter Maßnahmen und etablierter Techniken können Patientinnen und Patienten ihre Tinnitus-Belastung verringern. Die behandelnde Ärztin oder der behandelnde Arzt verordnet die Smartphone-App Meine Tinnitus App - Das digitale Tinnitus Counseling als Erstanwendung nach einer eingehenden Untersuchung. Die App stellt Patientinnen und Patienten Psycho-Edukation und Anleitung zum Selbstmanagement durch umfassende tinnitusspezifische Multimedia-Inhalte bereit. Die Patientinnen und Patienten werden innerhalb von 10 Wochen in interaktiver, unterhaltsamer und individuell abgestimmter Weise durch verschiedene Lektionen geführt und schrittweise mit gezielten edukatorischen Inhalten und Übungen vertraut gemacht. Jede Lektion wird mit einer motivierenden Überprüfung abgeschlossen, um wenige Tage später die nächste Lektion starten zu können. Meine Tinnitus App - Das digitale Tinnitus Counseling steht den Patientinnen und Patientinnen und Patienten für 12 Monate zur Verfügung, entweder zur Wiederholung der Lektionen oder auch zur Festigung ihres Therapieerfolgs. Meine Tinnitus App - Das digitale Tinnitus Counseling ist eine alleinstehende Therapie für Tinnitus-Patientinnen und Tinnitus-Patienten, die an eine Erstberatung durch die behandelnde Ärztin oder den behandelnden Arzt anschließt.",H93.1,Tinnitus aurium,449.00,"Keine Zusatzgeräte, Keine vertragsärztlichen Leistungen erforderlich, Verfügbare Sprachen: Deutsch",449.0,Tinnitus aurium,"My Tinnitus App - The digital Tinnitus Counseling is used for Tinnitus patients for initial care. The currently valid S3 guideline recommends Tinnitus Counseling as a recognised treatment route: By applying concrete measures and established techniques, patients can reduce their Tinnitus exposure. The treating physician or the treating physician prescribes the smartphone app My Tinnitus App - The digital Tinnitus Counseling as a first-time application after an in-depth examination. The app provides patients with psycho-education and self-management guidance through comprehensive tinnitus-specific multimedia content. The patients and patients are guided in an interactive, entertaining and individually coordinated manner within 10 weeks through various lessons and gradually familiarized with targeted educational content and exercises. Each lesson is completed with a motivating review to start the next lesson a few days later. My Tinnitus App - The digital Tinnitus Counseling is also used for the treatment of the patient's first-persons, or for the treatment of the patient's first-persons."
Mindable: Panikstörung und Agoraphobie,"Mindable Health GmbH, Deutschland",www.mindable.health,vorläufig aufgenommen,29.04.2021,28.04.2023,"Die App ""Mindable: Panikstörung und Agoraphobie"" richtet sich an Menschen ab 18 Jahren, die an den Symptomen einer Agoraphobie und/oder Panikstörung leiden. Das Behandlungsprogramm basiert auf S3-leitlinienkonformen Methoden der Kognitiven Verhaltenstherapie. Mindable unterstützt Nutzerinnen und Nutzer dabei ihre Ängste proaktiv anzugehen und zu reduzieren. Neben Psychoedukation liegt der Schwerpunkt des Behandlungsprogramms auf der Gewöhnung an Körpersymptome (Habituation durch gezielte Symptomprovokation), sowie in-vivo Konfrontation. Während der Konfrontationsübungen werden Angstverläufe live aufgezeichnet. Darüber hinaus können Nutzerinnen und Nutzer angstbezogene Symptome, Ereignisse und Verhalten regelmäßig erfassen und bei Bedarf mit ihren behandelnden Ärzten oder Therapeuten teilen. Mindable ist als iOS und Android App, sowie in deutscher, englischer und französischer Sprache verfügbar.","F40.0, F41.0","Agoraphobie, Panikstörung episodisch paroxysmale Angst",576.00,"Keine Zusatzgeräte, Keine vertragsärztlichen Leistungen erforderlich, Verfügbare Sprachen: Deutsch und 2 weitere",576.0,"Agoraphobia, panic disorder episodic paroxysmal anxiety","The ""Mindable: Panic Disorder and Agoraphobia"" app is aimed at people aged 18 and over who suffer from the symptoms of agoraphobia and/or panic disorder. The treatment program is based on S3-guideline-compliant methods of cognitive behavior therapy. Mindable supports users in proactively addressing and reducing their fears. In addition to psychoeducation, the treatment program focuses on getting used to body symptoms (habituation through targeted symptom enhancement), as well as in-vivo confrontation. During the confrontation exercises, fear progressions are recorded live. In addition, users can regularly record anxiety-related symptoms, events and behavior and share them with their treating physicians or therapists if necessary. Mindable is available as iOS and Android app, as well as in German, English and French."
neolexon Aphasie,"Limedix GmbH, Deutschland",neolexon.de/,vorläufig aufgenommen,06.02.2022,05.02.2023,"neolexon Aphasie bietet Menschen mit Aphasie und/oder Sprechapraxie ein logopädisches Training zum täglichen Üben zuhause als Ergänzung zur Sprachtherapie. Die Anwendung umfasst Übungen in allen sprachlichen Bereichen (Verstehen, Sprechen, Lesen und Schreiben), die von der behandelnden Sprachtherapeutin oder vom behandelnden Sprachtherapeuten individuell initial festgelegt und fortlaufend angepasst werden. Es können Wörter, Sätze oder Texte trainiert werden.","R47.0, R48.2","Dysphasie und Aphasie, Apraxie",487.90,"Keine Zusatzgeräte, Vertragsärztliche Leistungen erforderlich, Verfügbare Sprachen: Deutsch",487.9,"dysphasia and aphasia, aprixia","neolexon Aphasia offers people with aphasia and/or speech apraxia a logopaedic training for daily practice at home as a supplement to speech therapy. The application includes exercises in all linguistic areas (understanding, speaking, reading and writing), which are individually defined and continuously adapted by the treating speech therapist. Words, sentences or texts can be trained."
NichtraucherHelden-App,"NichtraucherHelden GmbH, Deutschland",www.nichtraucherhelden.de/,vorläufig aufgenommen,03.07.2021,02.07.2023,"Die App dient der Behandlung und Linderung einer diagnostizierten Tabakabhängigkeit. Durch ein kognitiv-verhaltenstherapeutisches Nichtrauchercoaching wird Patientinnen und Patienten geholfen, ihre Tabakabhängigkeit zu überwinden. Die App begleitet Patientinnen und Patienten über einen Zeitraum von 3 Monaten, um vor allem auch nach dem Rauchstopp weitere Unterstützungsmöglichkeiten anbieten zu können.",F17.2,Psychische und Verhaltensstörungen durch Tabak: Abhängigkeitssyndrom,119.00 - 329.00,"Keine Zusatzgeräte, Keine vertragsärztlichen Leistungen erforderlich, Verfügbare Sprachen: Deutsch",224.0,Psychological and behavioural disorders caused by tobacco: addiction syndrome,"The app serves the treatment and alleviation of a diagnosed tobacco addiction. Cognitive-behavior-therapeutic non-smoking coaching helps patients to overcome their tobacco addiction. The app accompanies patients over a period of 3 months in order to offer further support, especially after the smoke stop."
Novego: Depressionen bewältigen,"IVPNetworks GmbH, Deutschland",www.ivpnetworks.de/,vorläufig aufgenommen,10.10.2021,09.10.2023,"Novego: Depressionen bewältigen ist ein psychologisches Online-Unterstützungsprogramm für Menschen, die unter Depressionen leiden. Novego wird bereits seit über zehn Jahren  zur Überbrückung von Wartezeiten, begleitend zu einer Therapie oder als Anschlussangebot zur Stabilisierung eingesetzt. Das Programm basiert auf den  Methoden der Kognitiven Verhaltenstherapie, die individuell auf die persönliche Lebenssituation der Teilnehmer und Teilnehmerinnen abgestimmt werden. Die Inhalte werden verständlich und kreativ aufbereitet und in Form von Texten, Videos, Audios und interaktiven Übungen abwechslungsreich dargestellt. Novego: Depressionen bewältigen steht den Teilnehmern und Teilnehmerinnen nach der regulären Programmlaufzeit von 12 Wochen für weitere 12 Monate zur Verfügung, sodass Inhalte gefestigt und dauerhaft in den Alltag integriert werden können. Während der selbständigen Bearbeitung können die Teilnehmer und Teilnehmerinnen bei Fragen direkt das Novego-Team einmal pro Woche per Nachricht kontaktieren. Für den Fall, dass eine akute Krise auftritt, steht ergänzend zu dem Programm eine 24h-Krisenhotline zur Verfügung. Die Wirksamkeit von Novego bei der Reduktion depressiver Symptome wurde bereits in drei Studien bei unterschiedlichen Patientengruppen untersucht. Eine weitere Studie befindet sich aktuell in der Durchführung.","F32.0, F32.1, F33.0, F33.1, F34.1","Leichte depressive Episode, Mittelgradige depressive Episode, Rezidivierende depressive Störung, gegenwärtig leichte Episode, Rezidivierende depressive Störung, gegenwärtig mittelgradige Episode, Dysthymia",249.00,"Keine Zusatzgeräte, Keine vertragsärztlichen Leistungen erforderlich, Verfügbare Sprachen: Deutsch",249.0,"Mild depressive episode, intermediate depressive episode, recurrent depressive disorder, currently mild episode, recurrent depressive disorder, currently moderate episode, dysthymia","Novego: Coping with depression is a psychological online support program for people suffering from depression. Novego has been used for more than ten years to bridge waiting times, to accompany therapy or to provide support for stabilisation. The program is based on the methods of cognitive behavioral therapy, which are individually adapted to the personal life situation of the participants. The content is processed in a comprehensible and creative way and presented in the form of texts, videos, audios and interactive exercises varied. Novego: Coping with depression is available to the participants after the regular program period of 12 weeks for another 12 months, so that content can be consolidated and permanently integrated into everyday life. During the independent treatment, the participants can contact the Novego team once a week by message in case of questions. In case of an acute crisis, a 24 hour crisis hotline is available to supplement the program. The effectiveness of Novego in reducing depressive symptoms has already been investigated in three studies in different patient groups."
optimune,"GAIA AG, Deutschland",gaia-group.com/de/,vorläufig aufgenommen,14.07.2022,13.07.2023,"Bei optimune handelt es sich um eine DiGA für Patientinnen mit Brustkrebs, die ihre Erstbehandlung abgeschlossen haben, sich belastet fühlen und mindestens 18 Jahre alt sind. optimune vermittelt insbesondere Methoden und Techniken der Kognitiven Verhaltenstherapie. In einer klinischen Studie (Holtdirk et al., 2021) hat sich gezeigt, dass optimune zusätzlich zu einer sonst üblichen Versorgung die Lebensqualität nach 12 Wochen stärker verbessert als die übliche Versorgung allein.-Im Versorgungspfad ist optimune wie folgt einzuordnen:- Tertiäre Prävention: Bei der Tertiärprävention handelt es sich um die “Verhütung der Verschlimmerung von Krankheiten und Behinderungen durch wirksame Therapie einer symptomatisch gewordenen Krankheit” (Definition Pschyrembel online). In der klinischen Studie wurden Patientinnen eingeschlossen, bei denen ein Brustkrebs diagnostiziert wurde und die ihre Ersttherapie abgeschlossen haben. Die systematische Datenauswertung erfolgte bei Patientinnen, die symptomatisch waren, d. h., bei denen die Lebensqualität vermindert war.-- Überbrückung: In der klinischen Studie wurde optimune ohne Berücksichtigung einer Psychotherapie (begleitend oder im Nachgang) evaluiert. Wie oben dargestellt, ergab sich eine stärkere Verbesserung der Lebensqualität in der Interventions- gegenüber der Kontrollgruppe.-- Therapiebegleitung: In der klinischen Studie wurde optimune als Ergänzung zu der sonst üblichen medizinischen Versorgung untersucht. Zudem sieht die Zweckbestimmung auch nur den ergänzenden Einsatz zu der sonst üblichen medizinischen Versorgung vor. optimune ist zur reinen Selbstanwendung durch die Patientin vorgesehen. Ärzte/Ärztinnen oder Psychotherapeuten/Psychotherapeutinnen müssen demnach keine zusätzlichen Leistungen erbringen (wie z. B. Coachings oder zusätzliche Telefonate), wenn sie optimune verordnen. Zudem ist optimune alleinstehend wirksam. Neben optimune können, müssen jedoch in keinem Fall, andere Behandlungen (wie z. B. Psychotherapie) eingesetzt werden.",C50,Bösartige Neubildung der Brustdrüse Mamma,952.00,"Keine Zusatzgeräte, Keine vertragsärztlichen Leistungen erforderlich, Verfügbare Sprachen: Deutsch",952.0,Malignant neuformation of the mamma breast,"In addition to the treatment of patients with breast cancer (Holtdirk et al., 2021), optimune has been shown to improve the quality of life after 12 weeks in addition to an otherwise usual care.-In the care path, optimune is classified as follows:- Tertiary prevention: Tertiary prevention is the prevention of the worsening of diseases and disabilities by effective therapy of a disease that has become symptomatic.- (Definition Pschyrembel online). In the clinical study, optimune has been included in patients who have been diagnosed with breast cancer and who have completed their initial therapy. The systematic data evaluation has been carried out in patients who have been symptomatic, i.e. who have reduced the quality of life.-- Overpassion: In the clinical study, optimune has been provided without consideration of a psychotherapy (accompanying or in the follow-up)."
Oviva Direkt für Adipositas,"Oviva AG (Zweigniederlassung Deutschland) , Deutschland",oviva.com/de/de/oviva-direkt/rechtliche-hinweise/,vorläufig aufgenommen,03.10.2021,02.07.2023,"Oviva Direkt für Adipositas ist die digitale Therapie zur Behandlung von starkem Übergewicht und unterstützt Menschen täglich dabei, ihre Gewohnheiten zu ändern und ihr Gewicht zu reduzieren. Die DiGA-App ist ein digitaler Helfer im Alltag von Patientinnen und Patienten und ermöglicht die gängige Behandlung zum Abnehmen (multimodale Adipositastherapie) auf dem Smartphone.",E66,Adipositas,426.96,"Keine Zusatzgeräte, Vertragsärztliche Leistungen erforderlich, Verfügbare Sprachen: Deutsch",426.96,Obesity,Oviva Direct for obesity is the digital therapy for the treatment of severe overweight and supports people daily in changing their habits and reducing their weight. The DiGA app is a digital helper in the everyday life of patients and enables the common treatment for weight loss (multimodal obesity therapy) on the smartphone.
PINK! Coach,"PINK gegen Brustkrebs GmbH, Deutschland",www.pink-brustkrebs.de,vorläufig aufgenommen,27.06.2022,26.06.2023,"PINK! Coach ist eine digitale Anwendung, die zur Stärkung der gesundheitsbezogenen Lebensqualität und der Gesundheitskompetenz sowie einer Linderung der psychischen, psychosomatischen und somatischen Folgen einer Brustkrebserkrankung dient. Um eine langfristige, anhaltende Verbesserung der Lebensqualität und des Gesundheitszustandes zu erreichen, zielt PINK! Coach darauf ab, das gesundheitsrelevante Verhalten der Patientinnen und Patienten schrittweise aber nachhaltig zu verändern.PINK! Coach unterstützt Brustkrebspatientinnen und -patienten bei der Veränderung ihres Lebensstils hin zu mehr Bewegung, gesünderer Ernährung und Achtsamkeit gemäß den aktuellen Leitlinienempfehlungen. Über Coaching Module erhalten die Patientinnen und Patienten pseudoindividualisierte Informationen, praktische Tipps, Anleitungen und Übungen in den Bereichen Bewegung, Ernährung und mentale Gesundheit. PINK! Coach adressiert positive Bewältigungsstrategien und fördert den positiven, kompetenten und souveränen Umgang mit der plötzlich veränderten Lebenssituation.Mit Hilfe eines Chatbots können Patientinnen und Patienten darüber hinaus Fragen zu Beschwerden und Nebenwirkungen stellen und erhalten darauf zutreffende Informationen und Tipps zur Selbsthilfe (Hausmittel und Verhaltensweisen) mit dem Ziel, die Nebenwirkungen zu verbessern. PINK! Coach ist eine therapiebegleitende digitale Lösung für Brustkrebspatientinnen und -patienten vom Zeitpunkt der Diagnose bis zur letzten Nachsorge oder noch darüber hinaus.",C50,Bösartige Neubildung der Brustdrüse Mamma,535.50,"Keine Zusatzgeräte, Keine vertragsärztlichen Leistungen erforderlich, Verfügbare Sprachen: Deutsch",535.5,Malignant neuformation of the mamma breast,"PINK! Coach is a digital application designed to strengthen health-related quality of life and health competence, as well as to alleviate the psychological, psychosomatic and somatic consequences of breast cancer. In order to achieve a long-term, sustained improvement in the quality of life and health status, PINK! Coach aims to gradually but sustainably change the health-relevant behavior of patients.PINK! Coach supports breast cancer patients in changing their lifestyle towards more exercise, healthier nutrition and mindfulness in accordance with the current guidelines. Through Coaching Modules, patients receive pseudo-individualised information, practical tips, instructions and exercises in the areas of exercise, nutrition and mental health. PINK! Coach addresses positive management strategies and promotes positive, competent and sovereign handling of the suddenly changed life situation.With the help of a chatbot, patients can also ask questions about complaints and side effects and receive relevant information and tips on self-help (home remedies and behavior) with the aim of improving the side effects. PINK! Coach is a companion to the last patient's treatment."
re.flex,"Kineto Tech Rehab SRL, Rumänien",www.sporlastic.de/reflex,vorläufig aufgenommen,29.09.2022,28.09.2023,"Die Sporlastic Medizinische Produkte GmbH stellt mit der digitalen Gesundheitsanwendung re.flex Patientinnen und Patienten mit Gonarthrose eine angeleitete und kontrollierte Sport- und Bewegungstherapie zur Verfügung. Diese besteht aus einer App und zwei Bewegungssensoren. Ein detailliertes und indikationsspezifisches Trainingsprogramm bietet die Möglichkeit zum eigenständigen Training der Patientinnen und Patienten und zur Dokumentation der Trainingsaktivität. Mittels der Bewegungssensoren ist re.flex in der Lage, den Patientinnen und Patienten klare Instruktionen und unmittelbares Live-Feedback über korrekte und inkorrekte Ausführung der Übung zu geben, sowohl akustisch als auch visuell. Die physiotherapeutischen Übungen in der digitalen Gesundheitsanwendung re.flex setzen sich aus Moblisations-, Gleichgewichts-, Kräftigungs- und Dehnungs-Übungen zusammen. Das Übungsprogramm wurde gemeinsam von der Sporlastic Medizinische Produkte GmbH und der Sportmedizin des Universitätsklinikums Tübingen entwickelt und orientiert sich am aktuellen Stand der Wissenschaft sowie aktuellen studienbasierten Leitlinien.","M17.0, M17.1, M17.2, M17.3, M17.4, M17.5, M17.9","Primäre Gonarthrose, beidseitig, Sonstige primäre Gonarthrose, Posttraumatische Gonarthrose, beidseitig, Sonstige posttraumatische Gonarthrose, Sonstige sekundäre Gonarthrose, beidseitig, Sonstige sekundäre Gonarthrose, Gonarthrose, nicht näher bezeichnet",784.21,"Zusatzgeräte enthalten, Keine vertragsärztlichen Leistungen erforderlich, Verfügbare Sprachen: Deutsch und 1 weitere",784.21,"Primary gonarthrosis, both sides, Other primary gonarthrosis, Posttraumatic gonarthrosis, both sides, Other posttraumatic gonarthrosis, Other secondary gonarthrosis, both sides, Other secondary gonarthrosis, gonarthrosis, not specified","Sporlastic Medizinische Produkte GmbH, with the digital health application re.flex, provides patients with gonarthrose with guided and controlled sports and exercise therapy. This consists of an app and two motion sensors. A detailed and indication-specific training program offers the possibility for independent training of patients and for the documentation of training activity. By means of motion sensors re.flex is able to give the patients and patients clear instructions and direct live feedback about correct and incorrect execution of the exercise, both acoustically and visually. The physiotherapeutic exercises in the digital health application re.flex consist of moblization, balance, strengthening and stretching exercises. The exercise program was developed jointly by Sporlastic Medizinische Produkte GmbH and the sports medicine of the University Hospital Tübingen and is based on the current state of science as well as current study-based guidelines."
Selfapys Online-Kurs bei Depression,"Selfapy GmbH, Deutschland",www.selfapy.de,Dauerhaft aufgenommen,,,"Selfapy bietet Betroffenen mit einer Depression einen individuellen Online-Kurs, der auf evidenzbasierten Theorien und Techniken der Kognitiven Verhaltenstherapie basiert. Die therapeutischen Inhalte können über den internetbasierten Kurs vom Betroffenen selbstständig bearbeitet werden. Dieser ist in einzelne Lektionen aufgeteilt, welche sich jeweils mit einem Thema beschäftigen wie beispielsweise dem Umgang mit negativen Gedanken, der Erstellung einer positiven Tagesstruktur, Entspannungstechniken, Schlafproblemen, sowie Strategien zur Rückfallprävention. Die Inhalte werden mit Hilfe von Audio- und Videoclips, Texten und Übungen vermittelt. Die Inhalte passen sich dabei individuell an die persönliche Situation des Betroffenen an. Zur Wahrung der Patientensicherheit wird der Betroffene während des Kurses durchgehend von einem persönlichen Psychologen überwacht. Bei akutem Bedarf steht der Psychologe über eine Nachrichtenfunktion bei Fragen zur Anwendung zur Verfügung.","F32.0, F32.1, F33.0, F33.1","Leichte depressive Episode, Mittelgradige depressive Episode, Rezidivierende depressive Störung, gegenwärtig leichte Episode, Rezidivierende depressive Störung, gegenwärtig mittelgradige Episode",217.18,"Keine Zusatzgeräte, Keine vertragsärztlichen Leistungen erforderlich, Verfügbare Sprachen: Deutsch",217.18,"Mild depressive episode, intermediate depressive episode, recurrent depressive disorder, currently mild episode, recurrent depressive disorder, currently moderate episode","Selfapy offers patients with depression an individual online course based on evidence-based theories and techniques of cognitive behavioral therapy. The therapeutic content can be independently processed via the internet-based course. This is divided into individual lessons, each dealing with a topic such as dealing with negative thoughts, the creation of a positive daily structure, relaxation techniques, sleep problems, as well as strategies for relapse prevention. The content is taught with the help of audio and video clips, texts and exercises. The content adapts individually to the individual situation of the affected person. In order to safeguard patient safety, the affected person is continuously monitored by a personal psychologist during the course. If acute need arises, the psychologist is available via a message function for application."
Selfapys Online-Kurs bei Generalisierter Angststörung,"Selfapy GmbH, Deutschland",www.selfapy.com,Dauerhaft aufgenommen,,,"Selfapy bietet weiblichen Patientinnen mit einer Generalisierten Angststörung einen individuellen Online-Kurs, der auf evidenzbasierten Theorien und Techniken der Kognitiven Verhaltenstherapie basiert. Die therapeutischen Inhalte können über den internetbasierten Kurs von der Betroffenen selbstständig bearbeitet werden. Der Kurs ist in einzelne Lektionen aufgeteilt, welche sich jeweils mit einem Thema beschäftigen wie beispielsweise dem Umgang der automatischen Gedanken, die hinter einer Angststörung stehen, den Angstreaktionen und körperlichen Symptomen, Expositionsübungen sowie Übungen zur Achtsamkeit. Die Inhalte werden mit Hilfe von anschaulichen Audio- und Videoclips, Texten und Übungen vermittelt. Die Inhalte passen sich individuell an die persönliche Situation der Betroffenen an. Zur Wahrung der Patientensicherheit erfolgt während des Kurses durchgehend eine Überwachung von einer persönlichen Psychologin oder einem persönlichen Psychologen. Bei akutem Bedarf steht dieser über eine Nachrichtenfunktion bei Fragen zur Verfügung.",F41.1,Generalisierte Angststörung,479.52,"Keine Zusatzgeräte, Keine vertragsärztlichen Leistungen erforderlich, Verfügbare Sprachen: Deutsch",479.52,Generalised anxiety disorder,"Selfapy offers female patients with a Generalized Anxiety Disorder an individual online course based on evidence-based theories and techniques of cognitive behavioral therapy. The therapeutic content can be independently processed via the Internet-based course. The course is divided into individual lessons, each dealing with a topic such as the handling of the automatic thoughts behind an anxiety disorder, the anxiety reactions and physical symptoms, exposure exercises as well as exercises for mindfulness. The content is taught with the help of vivid audio and video clips, texts and exercises. The content adapts individually to the personal situation of the affected persons. In order to safeguard patient safety during the course, a personal psychologist or a personal psychologist is continuously monitored."
sinCephalea - Migräneprophylaxe,"Perfood GmbH, Deutschland",www.perfood.de/,vorläufig aufgenommen,10.10.2022,09.08.2023,"sinCephalea stellt eine leitliniengerechte Anfallsprophylaxe von Migräne dar. Über eine 12-wöchige Interventionsphase werden die Patientinnen und Patienten schrittweise an die Umsetzung von neuen ernährungsmedizischen Erkenntnissen aus der personalisierten Ernährung herangeführt, sowie über klassische konservative Maßnahmen, wie individuelle Hinweise zu Lebenstilveränderungen unterstützt.sinCephalea erstellt auf Basis individueller Blutzuckerreaktionen auf Nahrungsmittel und Mahlzeiten personalisierte Empfehlungen für eine niedrig-glykämische Ernährung, die in Form eines Ernährungsreports in der App zur Verfügung gestellt werden.Diese personalisierten Ernährungsempfehlungen werden in der App um Lektionen über Migräne und Ernährung sowie weitere bewährte Lebensstilregeln bei Migräne wie bspw. Stressreduktion und Schlafhygiene ergänzt.sinCephalea beinhaltet zudem ein Kopfschmerztagebuch und regelmäßige Migränefragebögen, über die Kopfschmerzen und Migränesymptome sowie die Beeinträchtigung im Alltag festgehalten werden können.","G43.0, G43.1","Migräne ohne Aura Gewöhnliche Migräne, Migräne mit Aura Klassische Migräne",690.00,"Keine Zusatzgeräte, Keine vertragsärztlichen Leistungen erforderlich, Verfügbare Sprachen: Deutsch",690.0,"Migraine without aura Common migraine, Migraine with aura Classic migraine","sinCephalea is a guideline-based seizure prevention of migraine. Through a 12-week intervention phase, patients are gradually introduced to the implementation of new nutritional medicinal findings from the personalized diet, as well as through classic conservative measures, such as individual guidance on lifestyle changes.sinCephalea creates personalized recommendations for a low-glycemic diet based on individual blood glucose reactions to foods and meals, which are provided in the app in the form of a nutrition report.These personalized nutrition recommendations are supplemented in the app with lessons on migraine and nutrition as well as other proven lifestyle rules for migraines such as stress reduction and sleep hygiene.sinCephalea also includes a headache diary and regular migraine questionnaires, which can be used to record headaches and migraine symptoms as well as everyday disorders."
somnio,"mementor DE GmbH, Deutschland",www.mementor.de,Dauerhaft aufgenommen,,,"somnio ist eine digitale Anwendung zur Behandlung von Ein- und Durchschlafstörungen (Insomnie). In der Anwendung werden evidenzbasierte und leitlinienkonforme Inhalte aus dem Bereich der kognitiven Verhaltenstherapie für Insomnie (KVT-I) vermittelt. Nutzer*innen lernen beispielsweise, ihre Schlafzeiten zu optimieren, einem individuell abgestimmten Schlaf-Wach-Rhythmus zu folgen, mit schlafhindernden Gedanken umzugehen oder sich mittels Entspannungstechniken in einen schlafförderlichen Zustand zu bringen. Die Wirksamkeit von somnio wurde in einer randomisierten kontrollierten Studie untersucht. Patient*innen, die somnio nutzten, zeigten im Vergleich zu einer Kontrollgruppe eine deutliche Reduktion der Insomnie-Symptome. somnio ist als Web-Anwendung direkt aus dem Browser aufrufbar sowie als App für Smartphones und Tablets mit den Betriebssystemen iOS und Android verfügbar.",F51.0,Nichtorganische Insomnie,224.99,"Zusatzgeräte optional, Vertragsärztliche Leistungen erforderlich, Verfügbare Sprachen: Deutsch und 2 weitere",224.99,Non-organic insomnia,"somnio is a digital application for the treatment of insomnia (insomnia). In the application, evidence-based and guidelines-compliant content from the field of cognitive behavioral therapy for insomnia (KVT-I) is taught. Users learn, for example, to optimize their sleep times, to follow an individually coordinated sleep-wake rhythm, to deal with sleep-reducing thoughts or to put themselves in a sleep-promoting state by means of relaxation techniques. Somnio's effectiveness was investigated in a randomized controlled study. Patients who used somnio showed a significant reduction in in insomnia symptoms compared to a control group. somnio is available as a web application directly from the browser and as an app for smartphones and tablets with the iOS and Android operating systems."
velibra,"GAIA AG, Deutschland",gaia-group.com/de/,Dauerhaft aufgenommen,,,"velibra ist ein webbasiertes Programm für Patienten mit einer generalisierten Angststörung, einer Panikstörung mit oder ohne Agoraphobie oder einer sozialen Angststörung. velibra vermittelt etablierte Methoden und Übungen der Kognitiven Verhaltenstherapie - einer sehr gut wissenschaftlich untersuchten Form der Psychotherapie. Das Programm ist als Ergänzung zu einer sonst üblichen Behandlung (zum Beispiel durch den Hausarzt) für Patienten vorgesehen, die mindestens 18 Jahre alt sind. velibra ist zur Eigenanwendung durch den Patienten für 180 Tage bestimmt. Die Wirksamkeit von velibra wurde in einer klinischen Studie untersucht und in einer sehr angesehenen wissenschaftlichen Fachzeitschrift veröffentlicht. An dieser Studie nahmen 139 Patienten teil, die an einer generalisierten Angststörung, einer Panikstörung mit oder ohne Agoraphobie oder einer sozialen Angststörung litten. In dieser Studie zeigte sich, dass Patienten, die zusätzlich zu einer hausärztlichen Behandlung velibra nutzten, deutlich geringere Angst- und depressive Beschwerden hatten als Patienten, die nur eine hausärztliche Behandlung erhielten. Die Verordnungsdauer von velibra beträgt 90 Tage. Zur Stabilisierung der Effekte ist eine Nutzung für 180 Tage empfohlen.","F40.01, F40.1, F41.0, F41.1","Agoraphobie: Mit Panikstörung, Soziale Phobien, Panikstörung episodisch paroxysmale Angst, Generalisierte Angststörung",230.00,"Keine Zusatzgeräte, Keine vertragsärztlichen Leistungen erforderlich, Verfügbare Sprachen: Deutsch und 1 weitere",230.0,"Agoraphobia: With panic disorder, social phobia, panic disorder episodic paroxysmal anxiety, generalized anxiety disorder","velibra is a web-based program for patients with generalized anxiety disorder, panic disorder with or without agoraphobia or social anxiety disorder. velibra mediates established methods and exercises of cognitive behavioral therapy - a very well scientifically studied form of psychotherapy. The program is intended as a supplement to an otherwise usual treatment (for example by the family doctor) for patients who are at least 18 years old. velibra is intended for self-administration by the patient for 180 days. The efficacy of velibra has been studied in a clinical study and published in a highly respected scientific journal. 139 patients who had generalized anxiety disorder, panic disorder with or without agoraphobia or social anxiety disorder participated in this study. In this study, it was shown that patients who used velibra in addition to home-patient treatment had significantly lower anxiety and depressive symptoms than patients who received only home-patient treatment. velibra's prescription duration is 90 days. In order to stabilize the effects, it is recommended to use for 180 days."
Vitadio,"Vitadio s.r.o., Tschechien",vitadio.de/,vorläufig aufgenommen,15.04.2022,14.04.2023,"Vitadio bei Diabetes Typ 2 ist eine DiGA, die darauf abzielt, die Diabeteskontrolle zu verbessern, indem sie die Nutzerinnen und Nutzer zu einem besseren Selbstmanagement und Lebensstil befähigt. Es ergänzt die von der Ärztin und dem Arzt festgelegte Therapie und unterstützt die Patientinnen und Patienten dabei, ihre Behandlungsziele zu erreichen und gesundheitliche Komplikationen im Zusammenhang mit Diabetes zu verhindern.Vitadio nutzt einen multimodalen Therapieansatz, um individuelle Unterstützung bei der Änderung des Lebensstils und dem Selbstmanagement zu bieten. Die Anwendung führt die Nutzerinnen und Nutzer mit Hilfe von täglichen Aufgaben und automatisierten Nachrichten durch das Programm. Die Aufgaben entwickeln sich je nach den Entscheidungen und Fortschritten der Nutzerinnen und Nutzer im Programm und konzentrieren sich auf die Etablierung einer Routine im Bereich des Selbstmanagements. Die Nutzerinnen und Nutzer folgen einem interaktiven Lehrgang, der Themen wie Motivation, Ernährung, körperliche Aktivität, Schlafhygiene, psychisches Wohlbefinden und soziale Aspekte des Lebens mit Diabetes abdeckt. Das Gelernte wird mit Hilfe von spielerischen persönlichen Zielen umgesetzt, die den Nutzerinnen und Nutzern helfen, wichtige Gewohnheiten in ihrem täglichen Leben zu integrieren.Das Programm wird durch menschliche Unterstützungsfunktionen ergänzt. Eine persönliche Beraterin oder ein persönlicher Berater steht im Chat zur Verfügung, um die Fragen der Nutzerinnen und Nutzer zur Bedienung des Programms zu beantworten. Außerdem können die Nutzerinnen und Nutzer einer Peer-Support-Gruppe beitreten, um Ermutigung und Erfahrungen mit anderen Teilnehmenden zu teilen.Vitadio bietet allen Patientinnen und Patienten mit Diabetes eine tertiäre Prävention, um gesundheitliche Komplikationen infolge eines unkontrollierten Diabetes zu vermeiden. Außerdem unterstützt es die Wirksamkeit der von der Ärztin/ dem Arzt festgelegten Therapie (Therapiebegleitung).",E11,"Diabetes mellitus, Typ 2",499.80,"Keine Zusatzgeräte, Keine vertragsärztlichen Leistungen erforderlich, Verfügbare Sprachen: Deutsch",499.8,"Diabetes mellitus, type 2","Vitadio in diabetes type 2 is a DiGA that aims to improve diabetes control by empowering users to better self-management and lifestyle. It complements the therapy established by the doctor and the doctor and helps patients to achieve their treatment goals and prevent health complications related to diabetes.Vitadio uses a multimodal therapy approach to provide individual support in changing lifestyle and self-management. The application guides users through the program with the help of daily tasks and automated messages. The tasks develop depending on the decisions and progress of users in the program and focus on establishing a routine in the field of self-management. The users follow an interactive course that covers topics such as motivation, nutrition, physical activity, sleep hygiene, mental well-being and social aspects of life with diabetes. In addition, the learned is implemented with the help of playful personal goals that help users to integrate important habits in their daily lives.The program is complemented by human support functions. A personal consultant or a patient's user is able to join in the treatment of a patient."
Vivira,"Vivira Health Lab GmbH, Deutschland",www.vivira.com,Dauerhaft aufgenommen,,,"Die DiGA Vivira ist eine durch das BfArM endgültig ins DiGA-Verzeichnis aufgenommene digitale Anwendung zur Behandlung von Rückenschmerzen bei nicht-spezifischen Kreuzschmerzen oder Arthrose der Wirbelsäule (Osteochondrose).Die bewegungstherapeutische DiGA Vivira bietet täglich vier      Übungen, die auf Basis der Rückmeldungen der Patient*innen fortlaufend ihre Intensität und Komplexität anpassen. Die täglichen Übungen werden durch wöchentliche Abfragen zur Gesundheit, die Visualisierung des Fortschritts, monatliche Bewegungstests und durch edukative Inhalte ergänzt. Vivira unterstützt die Umsetzung der in Leitlinien für nicht-spezifischen Kreuzschmerz vorgesehene Trainings-Elemente sowie die Umsetzung der Heilmittelrichtlinie.Die Wirksamkeit der DiGA Vivira wurde in einer randomisiert kontrollierten Studie (RCT-Studie) untersucht und belegt. Die Schmerzintensität von Patient*innen, die mit der DiGA Vivira trainierten, reduzierte sich statistisch signifikant und in klinisch relevantem Ausmaß. Die Veröffentlichung sämtlicher Studienergebnisse      ist für das Jahr 2022 geplant.","M42.0, M42.1, M42.9, M53.2, M53.8, M53.9, M54.4, M54.5, M54.6, M54.8, M54.9, M99.02, M99.03, M99.04, M99.82, M99.83, M99.84, M99.92, M99.93, M99.94","Juvenile Osteochondrose der Wirbelsäule, Osteochondrose der Wirbelsäule beim Erwachsenen, Osteochondrose der Wirbelsäule, nicht näher bezeichnet, Instabilität der Wirbelsäule, Sonstige näher bezeichnete Krankheiten der Wirbelsäule und des Rückens, Krankheit der Wirbelsäule und des Rückens, nicht näher bezeichnet, Lumboischialgie, Kreuzschmerz, Schmerzen im Bereich der Brustwirbelsäule, Sonstige Rückenschmerzen, Rückenschmerzen, nicht näher bezeichnet, Segmentale und somatische Funktionsstörungen: Thorakalbereich thorakolumbal, Segmentale und somatische Funktionsstörungen: Lumbalbereich lumbosakral, Segmentale und somatische Funktionsstörungen: Sakralbereich sakrokokzygeal, sakroiliakal, Sonstige biomechanische Funktionsstörungen: Thorakalbereich thorakolumbal, Sonstige biomechanische Funktionsstörungen: Lumbalbereich lumbosakral, Sonstige biomechanische Funktionsstörungen: Sakralbereich sakrokokzygeal, sakroiliakal, Biomechanische Funktionsstörung, nicht näher bezeichnet: Thorakalbereich thorakolumbal, Biomechanische Funktionsstörung, nicht näher bezeichnet: Lumbalbereich lumbosakral, Biomechanische Funktionsstörung, nicht näher bezeichnet: Sakralbereich sakrokokzygeal, sakroiliakal",239.96,"Keine Zusatzgeräte, Vertragsärztliche Leistungen erforderlich, Verfügbare Sprachen: Deutsch und 1 weitere",239.96,"Juvenile osteochondrosis of the spine, osteochondrosis of the spine in adults, osteochondrosis of the spine, not specified, instability of the spine, other more detailed diseases of the spine and back, disease of the spine and back, not specified, lumboischialgia, cross pain, pain in the area of the thoracic spine, other back pain, back pain, not specified, segmental and somatic dysfunctions: thoracic area thoracolumbal, segmental and somatic dysfunctions: lumbal area lumbosacral, segmental and somatic dysfunctions: sacral area sacrococcygeal, sacroilial, other biomechanical dysfunctions: thoracal range thoracolumbal, other biomechanical dysfunctions: lumbal area lumbosacral, other biomechanical dysfunctions: sacrococcygeal, sacrociliacal, biomechanical dysfunction, not specified: thoracal range thoracolumbal, biomechanical dysfunction, non-mechanical area of function, non-reminal, non-mechanical, non-renal region of function","The DiGA Vivira is a digital application for the treatment of back pain in non-specific cross pain or osteochondrose.The movement therapeutic DiGA Vivira offers four exercises per day, which continuously adjust their intensity and complexity based on patient feedback.The daily exercises are supplemented by weekly health queries, visualisation of progress, monthly exercise tests and educational content.Vivira supports the implementation of the training elements provided for in guidelines for non-specific cross pain as well as the implementation of the remedy guideline.The effectiveness of the DiGA Vivira has been investigated and proven in a randomly controlled study (RCT study).The pain intensity of patients trained with the DiGA Vivira decreased statistically significantly and to a clinically relevant extent.The publication of all study results is planned for the year 2022."
vorvida,"GAIA AG, Deutschland",gaia-group.com/de/,Dauerhaft aufgenommen,,,"vorvida ist eine digitale Gesundheitsanwendung für Patienten mit schädlichem Alkoholkonsum oder Alkoholabhängigkeit, die mindestens 18 Jahre alt sind.vorvida verfolgt das Ziel, diese Patienten beim Management ihres gesundheitsschädlichen Trinkverhaltens zu unterstützen und die Trinkmenge zu reduzieren. Das Programm soll in Ergänzung zu einer sonst üblichen Behandlung (zum Beispiel beim Haus- oder Facharzt) eingesetzt werden.vorvida basiert auf etablierten psychotherapeutischen Ansätzen und Verfahren insbesondere der kognitiven Verhaltenstherapie (KVT).vorvida ist zur Eigenanwendung durch den Patienten für 180 Tage bestimmt. Die Wirksamkeit von vorvida wurde in einer klinischen Studie untersucht und in einer wissenschaftlichen Fachzeitschrift veröffentlicht. An dieser Studie nahmen 608 Patienten mit schädlichem oder gefährlichem Alkoholgebrauch (Abhängigkeitssyndrom) teil. In dieser Studie zeigte sich, dass bei Patienten, die zusätzlich zu einer sonst üblichen Behandlung vorvida nutzten, der Alkoholkonsum deutlich stärker abgenommen hatte als bei Patienten, die nur eine sonst übliche Behandlung erhielten. Die Verordnungsdauer von vorvida beträgt 90 Tage. Zur Stabilisierung der Effekte ist eine Nutzung für 180 Tage empfohlen.","F10.1, F10.2","Psychische und Verhaltensstörungen durch Alkohol: Schädlicher Gebrauch, Psychische und Verhaltensstörungen durch Alkohol: Abhängigkeitssyndrom",192.01,"Keine Zusatzgeräte, Keine vertragsärztlichen Leistungen erforderlich, Verfügbare Sprachen: Deutsch und 1 weitere",192.01,"Psychological and behavioural disorders caused by alcohol: Harmful use, mental and behavioural disorders caused by alcohol: addiction syndrome","vorvida is a digital health application for patients with harmful alcohol consumption or alcohol dependence who are at least 18 years old. vorvida aims to support these patients in the management of their harmful drinking behaviour and to reduce the amount of drinking. The program is intended to be used in addition to a usual treatment (e.g. at home or specialist doctor). vorvida is based on established psychotherapeutic approaches and procedures, especially cognitive behavioral therapy (KVT).vorvida is intended for self-administration by the patient for 180 days. The efficacy of vorvida was investigated in a clinical study and published in a scientific journal. This study involved 608 patients with harmful or dangerous alcohol use (dependency syndrome). This study showed that in patients who used previda in addition to a usual treatment, alcohol consumption was significantly more reduced than in patients who received only usual treatment. The prescription period of previda is 90 days. To stabilise the effects, it is recommended to use for 180 days."
zanadio,"aidhere GmbH, Deutschland",aidhere.de/,Dauerhaft aufgenommen,,,"zanadio ist eine Anwendung, die weiblichen Patientinnen durch eine Veränderung Ihrer Gewohnheiten in den Bereichen Bewegung, Ernährung sowie weitere Verhaltensweisen hilft, langfristig ihr Gewicht zu reduzieren. Die DiGA basiert dabei auf dem wissenschaftlichen Konzept der multimodalen, konservativen Adipositastherapie, welche die verschiedenen relevanten Bereiche adressiert und hierdurch eine langfristige, dauerhafte Gewichtsreduktion herbeiführt und die Lebensqualität bei weiblichen Patientinnen erhöht. Das Programm setzt diesen etablierten Behandlungsansatz digital um.","E66.00, E66.01","Adipositas durch übermäßige Kalorienzufuhr: Adipositas Grad I (WHO) bei Patienten von 18 Jahren und älter, Adipositas durch übermäßige Kalorienzufuhr: Adipositas Grad II (WHO) bei Patienten von 18 Jahren und älter",499.80,"Zusatzgeräte optional, Vertragsärztliche Leistungen erforderlich, Verfügbare Sprachen: Deutsch",499.8,"Obesity due to excessive calorie intake: Grade I obesity (WHO) in patients 18 years and older, obesity due to excessive calorie intake: Grade II obesity (WHO) in patients 18 years and older","zanadio is an application that helps female patients to reduce their weight in the long term by changing their habits in the areas of exercise, nutrition and other behaviors. DiGA is based on the scientific concept of multimodal, conservative obesity therapy, which addresses the various relevant areas and thus leads to a long-term, lasting weight reduction and increases the quality of life in female patients. The program digitally implements this established treatment approach."
